{
  "13": {
    "5": 1.8862934362934363
  },
  "10": {
    "1": 1.5239738811167383,
    "2": 0.2624903474903475
  },
  "21": {
    "5": 2.259787644787645
  },
  "4": {
    "7": 1.0290347490347491,
    "2": 0.7992784778499065
  },
  "8": {
    "3": 1.0393339768339769,
    "4": 1.0153258214482703
  },
  "1": {
    "1": 0.541627834731283,
    "2": 0.38063063063063063,
    "3": 1.0382363930751028
  },
  "3": {
    "6": 1.5592393145024723,
    "1": 1.2232155888267817
  },
  "23": {
    "2": 0.33800778800778797
  },
  "22": {
    "1": 3.3551483115768828
  },
  "24": {
    "4": 1.259962238533667
  },
  "2": {
    "4": 1.388017755364694,
    "1": 0.35765229515229513
  },
  "6": {
    "5": 0.513419758452871,
    "4": 1.7083733347246859
  },
  "11": {
    "3": 1.0337194337194338,
    "1": 2.0685328185328187
  },
  "16": {
    "4": 0.35539802097179146,
    "2": 1.3751851917750535
  },
  "18": {
    "1": 1.3775166362375664
  },
  "25": {
    "5": 1.0042242242242243
  },
  "20": {
    "4": 1.3595335595335594
  },
  "27": {
    "3": 0.03496002871002871
  },
  "14": {
    "1": 1.024483306836248
  },
  "19": {
    "2": 2.3817569986742915
  },
  "15": {
    "3": 2.774213452784881
  },
  "5": {
    "3": 1.3795950308662173,
    "8": 0.5212676962676963
  },
  "12": {
    "2": 0.5188892188892189,
    "4": 0.3514432800147086
  },
  "17": {
    "5": 1.0181694299341357,
    "6": 1.0184041184041184
  },
  "7": {
    "1": 0.3480502766217052,
    "2": 0.34772656924555656
  },
  "9": {
    "5": 1.8071796286082,
    "6": 1.0728442728442729
  },
  "30": {
    "8": 2.0055662805662804
  },
  "26": {
    "6": 1.0041234601948887
  },
  "29": {
    "7": 1.00240721771334
  }
}
